{
  "__type__": "cc.AnimationClip",
  "_name": "level",
  "_objFlags": 0,
  "_native": "",
  "_duration": 0.6666666666666666,
  "sample": 60,
  "speed": 1,
  "wrapMode": 1,
  "curveData": {
    "props": {
      "position": [
        {
          "frame": 0,
          "value": [
            -0.08165084041479531,
            354.92013152023515,
            0
          ]
        },
        {
          "frame": 0.6666666666666666,
          "value": [
            0,
            347
          ],
          "motionPath": []
        }
      ]
    }
  },
  "events": []
}